{
    "src/addons/SXFWVT/addon.json": "f1ab933d72493eee9f6d37550361da715eebf07f3008b1b978f2e5422f48e615",
    "src/addons/SXFWVT/XF/Pub/Controller/Thread.php": "4fe93e0a2ec5dea7ea3d1df9de95b13326e9324cf18f772956696ec77eb1eb4a",
    "src/addons/SXFWVT/_data/class_extensions.xml": "d2fedd827688467d48405cb4ce06d2f83ad1af5f242127a59c3081cdff34cd33",
    "src/addons/SXFWVT/_data/phrases.xml": "019404bb527e85f9f0ec1312ae2909f58a50740c2775b5d8af9b1757ad1aa252",
    "src/addons/SXFWVT/_data/templates.xml": "36162c48e19925a2dd285e9da6b9817765d0aabcb2c6f6f100f7ac6d58fbb14c",
    "src/addons/SXFWVT/_data/template_modifications.xml": "a62d8502d4b0ad252ff2a4d88759c968e0ff42f1b72559282c158cc3a0209219"
}